{
  "css/style.css": 1729745927264,
  "Js/rsdecoder.js": 1729055389982,
  "model/formatter.js": 1729091387126,
  "Js/version.js": 1729055390198,
  "model/models.js": 1727853257465,
  "Js/qrcode.js": 1729055389982,
  "Js/grid.js": 1729055389982,
  "Js/gf256poly.js": 1729055389982,
  "Js/gf256.js": 1729055389982,
  "Js/formatinf.js": 1729055389982,
  "Js/findpat.js": 1729055389982,
  "Js/errorlevel.js": 1729055389982,
  "Js/detector.js": 1729055389982,
  "Js/decoder.js": 1729055389982,
  "Js/datamask.js": 1729055389982,
  "Js/databr.js": 1729055389982,
  "Js/datablock.js": 1729055389982,
  "Js/crypto.js": 1729055389798,
  "Js/bmparser.js": 1729055389798,
  "Js/bitmat.js": 1729055389798,
  "Js/alignpat.js": 1729055389798,
  "controller/Services.controller.js": 1729665094752,
  "controller/Report.controller.js": 1727955136890,
  "controller/PaymentDetails.controller.js": 1729597547057,
  "controller/MainMenu.controller.js": 1729667135324,
  "controller/Home.controller.js": 1729671222136,
  "controller/CreateCustomer.controller.js": 1727955006593,
  "controller/App.controller.js": 1727954975381,
  "manifest.json": 1730192794577,
  "Component.js": 1729745932632,
  "Js/alignpat-dbg.js": 1729055389798,
  "Js/alignpat.js.map": 1730192794975,
  "model/formatter-dbg.js": 1729091387126,
  "model/formatter.js.map": 1730192794959,
  "Js/version-dbg.js": 1729055390198,
  "Js/version.js.map": 1730192795060,
  "model/models-dbg.js": 1727853257465,
  "model/models.js.map": 1730192794855,
  "Js/qrcode-dbg.js": 1729055389982,
  "Js/qrcode.js.map": 1730192794959,
  "Js/grid-dbg.js": 1729055389982,
  "Js/grid.js.map": 1730192794980,
  "Js/gf256poly-dbg.js": 1729055389982,
  "Js/gf256poly.js.map": 1730192794973,
  "Js/gf256-dbg.js": 1729055389982,
  "Js/gf256.js.map": 1730192794979,
  "Js/formatinf-dbg.js": 1729055389982,
  "Js/formatinf.js.map": 1730192795055,
  "Js/findpat-dbg.js": 1729055389982,
  "Js/findpat.js.map": 1730192795080,
  "Js/errorlevel-dbg.js": 1729055389982,
  "Js/errorlevel.js.map": 1730192795058,
  "Js/detector-dbg.js": 1729055389982,
  "Js/detector.js.map": 1730192795089,
  "Js/decoder-dbg.js": 1729055389982,
  "Js/decoder.js.map": 1730192795065,
  "Js/datamask-dbg.js": 1729055389982,
  "Js/datamask.js.map": 1730192795080,
  "Js/databr-dbg.js": 1729055389982,
  "Js/databr.js.map": 1730192795083,
  "Js/datablock-dbg.js": 1729055389982,
  "Js/datablock.js.map": 1730192795086,
  "Js/crypto-dbg.js": 1729055389798,
  "Js/crypto.js.map": 1730192795490,
  "Js/bmparser-dbg.js": 1729055389798,
  "Js/bmparser.js.map": 1730192795091,
  "Js/bitmat-dbg.js": 1729055389798,
  "Js/bitmat.js.map": 1730192795088,
  "Js/rsdecoder-dbg.js": 1729055389982,
  "Js/rsdecoder.js.map": 1730192795159,
  "controller/Services-dbg.controller.js": 1729665094752,
  "controller/Services.controller.js.map": 1730192795356,
  "controller/Report-dbg.controller.js": 1727955136890,
  "controller/Report.controller.js.map": 1730192795158,
  "controller/PaymentDetails-dbg.controller.js": 1729597547057,
  "controller/PaymentDetails.controller.js.map": 1730192795161,
  "controller/MainMenu-dbg.controller.js": 1729667135324,
  "controller/MainMenu.controller.js.map": 1730192795174,
  "controller/Home-dbg.controller.js": 1729671222136,
  "controller/Home.controller.js.map": 1730192795269,
  "controller/CreateCustomer-dbg.controller.js": 1727955006593,
  "controller/CreateCustomer.controller.js.map": 1730192795188,
  "controller/App-dbg.controller.js": 1727954975381,
  "controller/App.controller.js.map": 1730192795175,
  "Component-dbg.js": 1729745932632,
  "Component.js.map": 1730192795178,
  "Component-preload.js": 1730192795770,
  "Component-preload.js.map": 1730192795770,
  "view/Services.view.xml": 1729666046854,
  "view/Report.view.xml": 1729745685098,
  "view/PaymentDetails.view.xml": 1729229073410,
  "view/MainMenu.view.xml": 1729661289004,
  "view/Home.view.xml": 1729661007621,
  "view/CreateCustomer.view.xml": 1727954841609,
  "view/App.view.xml": 1727954852509,
  "image/wash.png": 1729092124743,
  "image/undo.png": 1727954929373,
  "image/ticket.png": 1729142399629,
  "image/maintenace1.png": 1727954929321,
  "image/location.png": 1727954929301,
  "image/link.png": 1727954929285,
  "image/fuel-station.png": 1727954927893,
  "image/file.png": 1727954927893,
  "image/check-out.png": 1727954927665,
  "image/cart.png": 1727954927665,
  "image/card.png": 1727954927641,
  "image/businessman2.png": 1727954927641,
  "image/businessman.png": 1727954927641,
  "image/bill.png": 1727954927609,
  "image/ZBG5.PNG": 1727954929753,
  "image/Worder.png": 1727954929385,
  "image/ReportIcon.png": 1727954929373,
  "image/ProductWhiteIcon.PNG": 1727954929357,
  "image/PorductWhitIcon.png": 1727954929353,
  "image/PorductColorIcon.png": 1727954929353,
  "image/New_SearchIcon.svg": 1729660957129,
  "image/New_ProductIcon.svg": 1729660957129,
  "image/New_HomeAvatarLogo.svg": 1729660957129,
  "image/New_DashboardIcon1.svg": 1729660957129,
  "image/New_DashboardIcon.svg": 1729660957129,
  "image/New_CartIcon.svg": 1729660957129,
  "image/New_CarIcon.png": 1729660693777,
  "image/NewLogo.png": 1727954929353,
  "image/NewCWBanner.PNG": 1729261321409,
  "image/MoneyLogo.png": 1727954929341,
  "image/MenuIcon.png": 1727954929321,
  "image/Man-in-suit.png": 1727954929321,
  "image/LPGColorIcon.png": 1727954929317,
  "image/LPG.png": 1727954929265,
  "image/GassWhiteIcon.png": 1727954929285,
  "image/GassColorIcon.png": 1727954929277,
  "image/DesignCar.png": 1727954927893,
  "image/CarwashIcon.png": 1729092124743,
  "image/CardLogo.png": 1727954927641,
  "image/Car2.png": 1727954927641,
  "image/CW_WhiteIcon.png": 1727954927893,
  "image/CW_ColorIcon.png": 1727954927865,
  "image/CWWhiteIcon.png": 1727954927865,
  "image/CWNBG.PNG": 1729092130123,
  "image/CWColorIcon1.png": 1727954927865,
  "image/CWColorIcon.png": 1727954927665,
  "image/Banner12.PNG": 1727954927609,
  "image/Banner11.PNG": 1727954927389,
  "image/Banner10.PNG": 1727954927389,
  "image/AddUser.png": 1727954926845,
  "fragment/TagVehicleToCustomer.fragment.xml": 1729660351526,
  "fragment/SearchVehicle.fragment.xml": 1729661361740,
  "fragment/RewardCheck.fragment.xml": 1729660328270,
  "fragment/PlantF4.fragment.xml": 1729661223844,
  "fragment/ModelF4.fragment.xml": 1729660277498,
  "fragment/MaterialF4.fragment.xml": 1729660268394,
  "fragment/ManfacturerF4.fragment.xml": 1729660257606,
  "fragment/CreateCustomer.fragment.xml": 1729661948711,
  "fragment/AddToCartLPG.fragment.xml": 1729660229542,
  "fragment/AddToCart.fragment.xml": 1729732300694,
  "i18n/i18n.properties": 1728308833996,
  "index.html": 1729252798432
}