{
  "controller/Report.controller.js": 1727955136890,
  "model/models.js": 1727853257465,
  "model/formatter.js": 1727954892781,
  "controller/Services.controller.js": 1729067952208,
  "i18n/i18n.properties": 1728308833996,
  "controller/PaymentDetails.controller.js": 1729068147623,
  "controller/MainMenu.controller.js": 1729062173149,
  "controller/Home.controller.js": 1729062184144,
  "controller/CreateCustomer.controller.js": 1727955006593,
  "controller/App.controller.js": 1727954975381,
  "Js/version.js": 1729055390198,
  "Js/rsdecoder.js": 1729055389982,
  "Js/qrcode.js": 1729055389982,
  "Js/grid.js": 1729055389982,
  "Js/gf256poly.js": 1729055389982,
  "Js/gf256.js": 1729055389982,
  "Js/formatinf.js": 1729055389982,
  "Js/findpat.js": 1729055389982,
  "Js/errorlevel.js": 1729055389982,
  "Js/detector.js": 1729055389982,
  "Js/decoder.js": 1729055389982,
  "Js/datamask.js": 1729055389982,
  "Js/databr.js": 1729055389982,
  "Js/datablock.js": 1729055389982,
  "Js/crypto.js": 1729055389798,
  "Js/bmparser.js": 1729055389798,
  "Js/bitmat.js": 1729055389798,
  "Js/alignpat.js": 1729055389798,
  "manifest.json": 1729068181397,
  "Component.js": 1728553779575,
  "Js/decoder-dbg.js": 1729055389982,
  "Js/decoder.js.map": 1729068181490,
  "model/formatter-dbg.js": 1727954892781,
  "model/formatter.js.map": 1729068181488,
  "controller/Services-dbg.controller.js": 1729067952208,
  "controller/Services.controller.js.map": 1729068181731,
  "controller/Report-dbg.controller.js": 1727955136890,
  "controller/Report.controller.js.map": 1729068181526,
  "controller/PaymentDetails-dbg.controller.js": 1729068147623,
  "controller/PaymentDetails.controller.js.map": 1729068181533,
  "controller/MainMenu-dbg.controller.js": 1729062173149,
  "controller/MainMenu.controller.js.map": 1729068181547,
  "controller/Home-dbg.controller.js": 1729062184144,
  "controller/Home.controller.js.map": 1729068181559,
  "controller/CreateCustomer-dbg.controller.js": 1727955006593,
  "controller/CreateCustomer.controller.js.map": 1729068181565,
  "controller/App-dbg.controller.js": 1727954975381,
  "controller/App.controller.js.map": 1729068181548,
  "Js/version-dbg.js": 1729055390198,
  "Js/version.js.map": 1729068181644,
  "Js/rsdecoder-dbg.js": 1729055389982,
  "Js/rsdecoder.js.map": 1729068181626,
  "Js/qrcode-dbg.js": 1729055389982,
  "Js/qrcode.js.map": 1729068181647,
  "Js/grid-dbg.js": 1729055389982,
  "Js/grid.js.map": 1729068181637,
  "Js/gf256poly-dbg.js": 1729055389982,
  "Js/gf256poly.js.map": 1729068181649,
  "Js/gf256-dbg.js": 1729055389982,
  "Js/gf256.js.map": 1729068181648,
  "Js/formatinf-dbg.js": 1729055389982,
  "Js/formatinf.js.map": 1729068181655,
  "Js/findpat-dbg.js": 1729055389982,
  "Js/findpat.js.map": 1729068181750,
  "Js/errorlevel-dbg.js": 1729055389982,
  "Js/errorlevel.js.map": 1729068181652,
  "Js/detector-dbg.js": 1729055389982,
  "Js/detector.js.map": 1729068181741,
  "model/models-dbg.js": 1727853257465,
  "model/models.js.map": 1729068181656,
  "Js/datamask-dbg.js": 1729055389982,
  "Js/datamask.js.map": 1729068181731,
  "Js/databr-dbg.js": 1729055389982,
  "Js/databr.js.map": 1729068181755,
  "Js/datablock-dbg.js": 1729055389982,
  "Js/datablock.js.map": 1729068181738,
  "Js/crypto-dbg.js": 1729055389798,
  "Js/crypto.js.map": 1729068181951,
  "Js/bmparser-dbg.js": 1729055389798,
  "Js/bmparser.js.map": 1729068181750,
  "Js/bitmat-dbg.js": 1729055389798,
  "Js/bitmat.js.map": 1729068181746,
  "Js/alignpat-dbg.js": 1729055389798,
  "Js/alignpat.js.map": 1729068181758,
  "Component-dbg.js": 1728553779575,
  "Component.js.map": 1729068181752,
  "Component-preload.js": 1729068182160,
  "Component-preload.js.map": 1729068182160,
  "view/Services.view.xml": 1728554611042,
  "view/Report.view.xml": 1727954789593,
  "view/MainMenu.view.xml": 1727954802513,
  "view/Home.view.xml": 1727954836709,
  "view/CreateCustomer.view.xml": 1727954841609,
  "view/App.view.xml": 1727954852509,
  "image/undo.png": 1727954929373,
  "image/maintenace1.png": 1727954929321,
  "image/location.png": 1727954929301,
  "image/link.png": 1727954929285,
  "image/fuel-station.png": 1727954927893,
  "image/file.png": 1727954927893,
  "image/check-out.png": 1727954927665,
  "image/cart.png": 1727954927665,
  "image/card.png": 1727954927641,
  "image/businessman2.png": 1727954927641,
  "image/businessman.png": 1727954927641,
  "image/bill.png": 1727954927609,
  "image/ZBG5.PNG": 1727954929753,
  "image/Worder.png": 1727954929385,
  "image/ReportIcon.png": 1727954929373,
  "image/ProductWhiteIcon.PNG": 1727954929357,
  "image/PorductWhitIcon.png": 1727954929353,
  "image/PorductColorIcon.png": 1727954929353,
  "image/NewLogo.png": 1727954929353,
  "image/MoneyLogo.png": 1727954929341,
  "image/MenuIcon.png": 1727954929321,
  "image/Man-in-suit.png": 1727954929321,
  "image/LPGColorIcon.png": 1727954929317,
  "image/LPG.png": 1727954929265,
  "image/GassWhiteIcon.png": 1727954929285,
  "image/GassColorIcon.png": 1727954929277,
  "image/DesignCar.png": 1727954927893,
  "image/CardLogo.png": 1727954927641,
  "image/Car2.png": 1727954927641,
  "image/CW_WhiteIcon.png": 1727954927893,
  "image/CW_ColorIcon.png": 1727954927865,
  "image/CWWhiteIcon.png": 1727954927865,
  "image/CWColorIcon1.png": 1727954927865,
  "image/CWColorIcon.png": 1727954927665,
  "image/Banner12.PNG": 1727954927609,
  "image/Banner11.PNG": 1727954927389,
  "image/Banner10.PNG": 1727954927389,
  "image/AddUser.png": 1727954926845,
  "fragment/TagVehicleToCustomer.fragment.xml": 1727955994077,
  "fragment/SearchVehicle.fragment.xml": 1728554163317,
  "fragment/RewardCheck.fragment.xml": 1727955994045,
  "fragment/PlantF4.fragment.xml": 1727956149950,
  "fragment/ModelF4.fragment.xml": 1727955994045,
  "fragment/MaterialF4.fragment.xml": 1727955994021,
  "fragment/ManfacturerF4.fragment.xml": 1727955994021,
  "fragment/CreateCustomer.fragment.xml": 1727955994021,
  "fragment/AddToCartLPG.fragment.xml": 1727955994021,
  "fragment/AddToCart.fragment.xml": 1729067277810,
  "css/style.css": 1727954911589,
  "index.html": 1728450137160
}