<core:FragmentDefinition xmlns:core="sap.ui.core" xmlns="sap.m"
	xmlns:layout="sap.ui.layout" xmlns:f="sap.f"   xmlns:cssgrid="sap.ui.layout.cssgrid"
	xmlns:grid="sap.ui.layout.cssgrid" xmlns:form="sap.ui.layout.form">
	<Dialog contentHeight="auto" contentWidth="30%" class="sapUiSizeCompact" afterClose="dialogAfterclose" title="Search Detail"
		titleAlignment="Center" showHeader="true">
		<content class="sapUiSizeCompact">
				<f:GridListItem >
				
						<form:Form editable="true" visible="{oGlobalModel>/Filtersbar}"  class="Cl_SearchCusFormLabel">
							<form:layout>
								<form:ResponsiveGridLayout labelSpanXL="4" labelSpanL="4" labelSpanM="4" labelSpanS="12" adjustLabelSpan="false" emptySpanXL="0"
									emptySpanL="0" emptySpanM="0" emptySpanS="0" columnsXL="2" columnsL="2" columnsM="2" singleContainerFullSize="false"/>
							</form:layout>
							<form:formContainers>
								<form:FormContainer>
									<form:formElements>
										<form:FormElement label="Plate No / Code" visible="{oGlobalModel>/CW_ProcessVisible}">
											<form:fields>
												<HBox>
													<Input value="{oGlobalModel>/Chassisno}" placeholder="Plate No" width="95%" class="" valueState="Information"
														valueStateText="Enter Plate Number" maxLength="6"/>
													<Input value="{oGlobalModel>/Platecode}" placeholder="Plate Code" width="91%" class="" valueState="Information"
														valueStateText="Enter Plate Code"/>
												</HBox>
											</form:fields>
										</form:FormElement>
										<form:FormElement label="Mobile No" class="Cl_SearchCusFormLabel">
											<form:fields>
												<Input value="{CreateCustomerModel>/Engineno}" width="95%" placeholder="Enter Mobile Number"
													editable="{CreateCustomerModel>/SearchFieldEditable}" valueState="Information" valueStateText="Enter Mobile Number"/>
											</form:fields>
										</form:FormElement>
										<form:FormElement label="Name" visible="{oGlobalModel>/LPG_ProcessVisible}" class="Cl_SearchCusFormLabel">
											<form:fields>
												<Input value="{CreateCustomerModel>/CV_Manufacturer}" editable="{CreateCustomerModel>/SearchFieldEditable}" showValueHelp="true"
													valueHelpOnly="true" valueHelpRequest="openManufacturerF4" valueState="Information" valueStateText="Enter Name" placeholder="Enter Name"/>
											</form:fields>
										</form:FormElement>
									</form:formElements>
								</form:FormContainer>
							</form:formContainers>
						</form:Form>
						<FlexBox alignItems="Start" justifyContent="End" class="sapUiTinyMarginBottom">
							<Button text="Go" icon="sap-icon://inspection" type="Emphasized" press="onGopress" class="sapUiTinyMarginEnd"/>
							<Button text="Clear" icon="sap-icon://reset" type="Transparent" class="sapUiTinyMarginEnd"/>
						</FlexBox>

				</f:GridListItem>

			<f:GridList mode="None" items="{SearchViewModel>/SearchList}" class="sapUiSmallMarginTop">
				<f:headerToolbar>
					<Toolbar>
						<content>
							<!--<Button icon="{imageModel>/path}/image/cart.png" type="Default" press="onPressAddonMaterial"/>-->
							<SearchField liveChange="onSearchNewMaterialF4" class="sapUiTinyMarginEnd" valueState="Information"/>
							<!--<Button icon="{imageModel>/path}/image/undo.png" type="Default" press="onResetCarwash"/>-->
						</content>
					</Toolbar>
				</f:headerToolbar>
				<f:customLayout>
					<grid:GridBasicLayout gridTemplateColumns="repeat(auto-fit, minmax(16rem, 1fr))" gridGap="0.5rem"/>
				</f:customLayout>
				<SearchField/>
				<f:GridListItem press="onSelectCustomer" highlight="{SearchViewModel>Highlight}" type="{SearchViewModel>Type}"
					class="sapUiTinyMarginBeginEnd Cl_SearchCustomerBox">
					<VBox height="100%">
						<HBox height="100%" class="sapUiSmallMargin" alignItems="Center" visible="{= ${onlyImage} ? false : true }">
							<!--<Image src="{ProductPicUrl}" width="3rem" class="sapUiSmallMarginEnd"/>-->
							<VBox>
								<HBox>
									<Image height="2.5rem" width="auto" src="{imageModel>/path}/image/Man-in-suit.png" class="sapUiSmallMarginEnd"/>
									<VBox>
										<ObjectIdentifier title="{SearchViewModel>BP} {SearchViewModel>BPType}" titleActive="true"/>
										<ObjectAttribute text="{SearchViewModel>Name}" active='true' class="Cl_SearchListText"/>
									</VBox>
								</HBox>
								<HBox class="sapUiTinyMarginBegin">
									<core:Icon src="sap-icon://call" class="size4 sapUiTinyMarginEnd" color="#1C4C98"></core:Icon>
									<ObjectAttribute text="{SearchViewModel>Mobile}" active='true' class="Cl_SearchListText" press="onPressWhatsup"/>
								</HBox>
								<HBox class="sapUiTinyMarginBegin">
									<core:Icon src="sap-icon://email" class="size4 sapUiTinyMarginEnd" color="#1C4C98"></core:Icon>
									<ObjectAttribute text="{SearchViewModel>Email}" active='false' class="Cl_SearchListText"/>
								</HBox>
								<!--<HBox class="sapUiTinyMarginBegin">-->
								<!--	<Image height="2.5rem" width="auto" src="{imageModel>/path}/image/CarIcon1.png" class="sapUiTinyMarginEnd"/>-->
								<!--	<Text text="Vehicle Details" class="sapUiTinyMarginTop"/>-->
								<!--</HBox>-->
								<Text text="Vehicle Details" class="sapUiTinyMarginTopBottom sapUiTinyMarginBegin"/>
								<HBox justifyContent="SpaceBetween" class="sapUiTinyMarginBegin">
									<HBox>
										<core:Icon src="sap-icon://insurance-car" class="size4" color="#1C4C98"></core:Icon>
										<ObjectAttribute text="Plate: {SearchViewModel>PlateNo}-{SearchViewModel>PlateCode}" active='false'
											class="Cl_SearchListText sapUiTinyMarginBegin"/>
										<!--<ObjectAttribute text="Category: {SearchViewModel>PlateCat}" active='false' class="Cl_SearchListText"/>-->
									</HBox>
									<!--<HBox>-->
									<!--<core:Icon src="sap-icon://flag" class="size4 sapUiTinyMarginTop sapUiSmallMarginBegin" color="#1C4C98"></core:Icon>-->
									<!--<tnt:InfoLabel text="{SearchViewModel>Emirates}" colorScheme="7" class="sapUiTinyMarginTop sapUiSmallMarginBegin" icon="sap-icon://map-fill"/>-->
									<!--<ObjectAttribute text="{SearchViewModel>Emirates}" active='false' class="sapUiTinyMarginTop sapUiSmallMarginBegin"/>-->
									<!--</HBox>-->
								</HBox>
								<HBox class="sapUiTinyMarginBegin">
									<core:Icon src="sap-icon://car-rental" class="size4 sapUiTinyMarginEnd" color="#1C4C98"></core:Icon>
									<ObjectAttribute text="Category: {SearchViewModel>PlateCat}" active='false' class="Cl_SearchListText"/>
								</HBox>
								<HBox class="sapUiTinyMarginBegin">
									<core:Icon src="sap-icon://flag" class="size4 sapUiTinyMarginEnd" color="#1C4C98"></core:Icon>
									<!--<core:Icon src="sap-icon://flag-2" class="size4 sapUiTinyMarginEnd" color="#1C4C98"></core:Icon>-->
									<ObjectAttribute text="Emirates: {SearchViewModel>Emirates}" active='false' class="Cl_SearchListText"/>
								</HBox>
								<!--<HBox class="sapUiTinyMarginBegin">-->
								<!--	<core:Icon src="sap-icon://flag-2" class="size4 sapUiTinyMarginEnd" color="#1C4C98"></core:Icon>-->
								<!--	<ObjectAttribute text="Emirates: {SearchViewModel>Emirates}" active='false'/>-->
								<!--</HBox>-->
								<HBox class="sapUiTinyMarginBegin">
									<core:Icon src="sap-icon://badge" class="size4 sapUiTinyMarginEnd" color="#1C4C98"></core:Icon>
									<ObjectAttribute text="Model: {SearchViewModel>Model} / {SearchViewModel>CarType}" active='false' class="Cl_SearchListText"/>
								</HBox>
								<HBox class="sapUiTinyMarginBegin">
									<core:Icon src="sap-icon://taxi" class="size4 sapUiTinyMarginEnd" color="#1C4C98"></core:Icon>
									<ObjectAttribute text="VIN: {SearchViewModel>VinNo}" active='false' class="Cl_SearchListText"/>
								</HBox>
							</VBox>
						</HBox>
					</VBox>
				</f:GridListItem>
			</f:GridList>
		</content>
		<buttons>
			<Button text="Create" type="Emphasized" press="onPressCreateCustomer" icon="sap-icon://add-employee"/>
			<Button text="Close" type="Reject" press="onPressCloseSearch" icon="sap-icon://decline"/>
		</buttons>
	</Dialog>
</core:FragmentDefinition>