{
  "view/Services.view.xml": 1727954770180,
  "model/models.js": 1727853257465,
  "model/formatter.js": 1727954892781,
  "controller/Services.controller.js": 1727955187734,
  "controller/Report.controller.js": 1727955136890,
  "controller/MainMenu.controller.js": 1727956528307,
  "controller/Home.controller.js": 1727955205158,
  "controller/CreateCustomer.controller.js": 1727955006593,
  "controller/App.controller.js": 1727954975381,
  "manifest.json": 1728025026474,
  "Component.js": 1727955939557,
  "controller/Home-dbg.controller.js": 1727955205158,
  "controller/Home.controller.js.map": 1728025026629,
  "model/formatter-dbg.js": 1727954892781,
  "model/formatter.js.map": 1728025026580,
  "controller/Services-dbg.controller.js": 1727955187734,
  "controller/Services.controller.js.map": 1728025026675,
  "controller/Report-dbg.controller.js": 1727955136890,
  "controller/Report.controller.js.map": 1728025026586,
  "controller/MainMenu-dbg.controller.js": 1727956528307,
  "controller/MainMenu.controller.js.map": 1728025026624,
  "model/models-dbg.js": 1727853257465,
  "model/models.js.map": 1728025026588,
  "controller/CreateCustomer-dbg.controller.js": 1727955006593,
  "controller/CreateCustomer.controller.js.map": 1728025026640,
  "controller/App-dbg.controller.js": 1727954975381,
  "controller/App.controller.js.map": 1728025026625,
  "Component-dbg.js": 1727955939557,
  "Component.js.map": 1728025026628,
  "Component-preload.js": 1728025026861,
  "Component-preload.js.map": 1728025026862,
  "i18n/i18n.properties": 1727866851587,
  "view/Report.view.xml": 1727954789593,
  "view/MainMenu.view.xml": 1727954802513,
  "view/Home.view.xml": 1727954836709,
  "view/CreateCustomer.view.xml": 1727954841609,
  "view/App.view.xml": 1727954852509,
  "image/undo.png": 1727954929373,
  "image/maintenace1.png": 1727954929321,
  "image/location.png": 1727954929301,
  "image/link.png": 1727954929285,
  "image/fuel-station.png": 1727954927893,
  "image/file.png": 1727954927893,
  "image/check-out.png": 1727954927665,
  "image/cart.png": 1727954927665,
  "image/card.png": 1727954927641,
  "image/businessman2.png": 1727954927641,
  "image/businessman.png": 1727954927641,
  "image/bill.png": 1727954927609,
  "image/ZBG5.PNG": 1727954929753,
  "image/Worder.png": 1727954929385,
  "image/ReportIcon.png": 1727954929373,
  "image/ProductWhiteIcon.PNG": 1727954929357,
  "image/PorductWhitIcon.png": 1727954929353,
  "image/PorductColorIcon.png": 1727954929353,
  "image/NewLogo.png": 1727954929353,
  "image/MoneyLogo.png": 1727954929341,
  "image/MenuIcon.png": 1727954929321,
  "image/Man-in-suit.png": 1727954929321,
  "image/LPGColorIcon.png": 1727954929317,
  "image/LPG.png": 1727954929265,
  "image/GassWhiteIcon.png": 1727954929285,
  "image/GassColorIcon.png": 1727954929277,
  "image/DesignCar.png": 1727954927893,
  "image/CardLogo.png": 1727954927641,
  "image/Car2.png": 1727954927641,
  "image/CW_WhiteIcon.png": 1727954927893,
  "image/CW_ColorIcon.png": 1727954927865,
  "image/CWWhiteIcon.png": 1727954927865,
  "image/CWColorIcon1.png": 1727954927865,
  "image/CWColorIcon.png": 1727954927665,
  "image/Banner12.PNG": 1727954927609,
  "image/Banner11.PNG": 1727954927389,
  "image/Banner10.PNG": 1727954927389,
  "image/AddUser.png": 1727954926845,
  "fragment/TagVehicleToCustomer.fragment.xml": 1727955994077,
  "fragment/SearchVehicle.fragment.xml": 1727955994045,
  "fragment/RewardCheck.fragment.xml": 1727955994045,
  "fragment/PlantF4.fragment.xml": 1727956149950,
  "fragment/ModelF4.fragment.xml": 1727955994045,
  "fragment/MaterialF4.fragment.xml": 1727955994021,
  "fragment/ManfacturerF4.fragment.xml": 1727955994021,
  "fragment/CreateCustomer.fragment.xml": 1727955994021,
  "fragment/AddToCartLPG.fragment.xml": 1727955994021,
  "fragment/AddToCart.fragment.xml": 1727955994021,
  "css/style.css": 1727954911589,
  "index.html": 1727853257461
}